{
  "vehicles": [
    {
      "image": "https://prod.cosy.bmw.cloud/vss/cosySec?COSY-EU-100-1713kmbZb2UCeOzVsMe6B3gwI8ESWNAvqMXl9aV015toFnqItSvaLLhV2vEH%25f2I5mtXirhMve69hjcAoX0jdGUdHYsWgxt7ELWN81LOatelC579CXEUKTHp9zdFBl5YX6beSXXyOtwtBJRrHv87zJGqEeBtvoYHKOLr75%25HIleNdesiEgXfYiNB8uJvlCBXHqktRrO0zpGoJRU69sdGUuhhn0earpdzM9dGVSXQevTVEpNtyxbIK1XtZouYq7XIbdnsX42YugpW8Vlmnw1LHIrDpNFQzYXy1BDUvO86Fml%25t64aDrxk0EM5lPo2eKk0xJd7yqDZoag4ZXzodGwMb2ZlgfNTu7bGwABRn45dNjm9puBABCrS1n9zmcPOFpSGrhJ6D1OAP3aElFKZJ5GKxDqXaifqol43GVAXdx1mfIj8gonbAYCHwmQFjsczNrdFCWhvBPglcL3tmJbkhQ50raux3UiePG575%25VyJfhhikIZaAgDV2YbGjCwI7sufCcHY4WnAcjHsMLpjJGrWTQ1Ca3iLRUFcG5PQ9%25DhfisUSkl3ADB%25On1bmwZ",
      "name": "330Li M Sport",
      "price": 6060000,
      "mileage": 15000,
      "color": "Mineral White",
      "seats": 4,
      "fuel": "Gasoline",
      "gear": "Automatic",
      "description": "A Royal Car",
      "id": "1"
    },
    {
      "image": "https://prod.cosy.bmw.cloud/vss/cosySec?COSY-EU-100-1713kmbZb2UCeOzVsMe6B3gwI8ESWNAvqMXl9aV015toFnqItSvadLVV2vEH%25f2I5mtXirhMve69hjcAoX0jdGUdHYsWgxt7ELWN81LOatelC579CXEUKTHp9zdFBl5YX6beSXXyOtwtBJRrHv87zJGqEeBtvoYHKOLr75%25HIleNdesiEgXfYiNB8uJvlCBXHqktRQD0zpGoJRU69sdGUuhhn0earpdzM9dGVSXQevTVEpNtyxbIK1XtZouYq7XIbdnsX42YugpW8Vlmnw1LHIrDpNFQzYXy1BDUvO86Fml%25t64aDrxk0EM5lPo2eKk0xJd7yqDZoag4ZXzodGwMb2ZlgfNTu7bGwABRn45dNjm9puBABCrS1n9zmcPOFpSGrhJ6D1OAP3aElFKZJ5GKxDqXaifqol43GVAXdx1mfIj8gonbAYCHwmQFjsczNrdFCWhvBPglcL3tmJbkhQ50raux3UiePG575%25VyJfhhikIZaAgDV2YbGjCwI7sufCcHY4WnAcjHsMLpjJGrWTQ1Ca3iLRUFcG5PQ9%25DhfisUSkl3ADB%25O2xIRP9k6pFurNb",
      "name": "330Li M Sport",
      "price": 6060000,
      "mileage": 15200,
      "color": "Carbon Black",
      "seats": 4,
      "fuel": "Gasoline",
      "gear": "Automatic",
      "description": "A Royal Car",
      "id": "2"
    },
    {
      "id": "369d",
      "image": "https://prod.cosy.bmw.cloud/vss/cosySec?COSY-EU-100-1713kmbZb2UCeOzVsMe6B3gwI8ESWNAt4MXl9aV015toFnqItSvadMCV2vEH%25f2I5mtXirhMve69hjcAoX0jdGUdHYsWgxt7ELWN81LOatelC579CXEUKTHp9zdFBl5YX6beSXXyOtwtBJRrHv87zJGqEeBtvoYHKOLr75%25HIleNdesiEgXfYiNB8uJvlCBXHqktRJT3zpGoJRU69sdGUuhhn0earpduNgFGVSXQevTVEpNtyxbIK1%259ZouYq7NvbdnsX4ERugpW8Mkdnw1LHTzlpNFQzRML1BDUv9T4Fml%25tWgaDrxk0LMnlPo2eQk0xJd7yUyEoag4ZXm1dGwMb8CDgfNTuHyzwABRnzZfNjm9pvE3BCrS1tKQmcPOF0XrrhJ6DeP%25P3aElydZJ5GKxZElaifqobPGGVAXdu1WfIj8gnFfAYCHwq0ajsczNXwYCWhvB8ZacL3tmHv1hQ50rz4C3UiePm775%25VyJriUikIZaPbuV2YbGJXmI7sufamNY4WnAGr7sMLpjNkHWTQ1C3frLRUFc5AJQ9%25DhigJUSkl3V%25K%25O2x5IQQk67oiYfr2E4dVc3j7KMgIhWj4qTwLurEMXloFGP1",
      "name": "X3 xDrive20d M Sport",
      "price": 7250000,
      "mileage": 16000,
      "color": " Brooklyn Grey",
      "seats": 5,
      "fuel": "Diesel",
      "gear": "Automatic",
      "description": "A Royal Car"
    },
    {
      "id": "819f",
      "image": "https://prod.cosy.bmw.cloud/vss/cosySec?COSY-EU-100-1713kmbZb2UCeOzVsMe6B3gwI8ESWNAkWMXl9aV015toFnqItSvadrCV2vEH%25f2I5mtXirhMve69hjcAoX0jdGUdHYsWgxt7ELWN81LOatelC579CXEUKTHp9zdFBl5YX6beSXXyOtwtBJRrHv87zJGqEeBtvoYHKOLr75%25HIleNdesiEgXfYiNB8uJvlCBXHqktRQD0zpGoJRU69sdGUuhhn0earpdMMddGVSXQevTVEpInyxbIK1YyZouYqFmebdnsXDbIugpW8Mm0nw1LHT2gpNFQzRhN1BDUv9tQFml%25tSRUDrxk0O9DlPo2eQNfxJd7yUtpoag4Z%2508dGwMbkSDgfNTu2MbwABRn75MNjm9p4pHBCrS1tGomcPOF0igrhJ6DepyP3aEly1hJ5GKxZzbaifqobvjGVAXduNPfIj8gnXrAYCHwpUwjsczN1fACWhvBFSzcL3tmDrWhQ50rldh3UiePvrQ5%25VyJtpjikIZa0yxV2YbGeZGI7sufySGY4WnAGs7sMLpjfnwWTQ1CApkLRUFcj17Q9%25DhCemUSkl3cxa%25O2x5hodk67oi3ZS2E4dV51P7KMgIicj4qTwYVhKMXRNsj6nT89BWCttRHSmLc059zOrQh4eSv6PU3LVOtEJ%257LV60Kak4QYEeqG2McYKyXf7TqnqZ8A4REEXbHjM9LV8uzCTSRmHnvcRO9jzpth97Mkv103S4EktFACGLYa",
      "name": "X5 xDrive40i M Sport",
      "price": 10950000,
      "mileage": 18000,
      "color": "Carbon Black",
      "seats": 5,
      "fuel": "Gasoline",
      "gear": "Automatic",
      "description": "A Royal Car"
    },
    {
      "id": "b6b1",
      "image": "https://prod.cosy.bmw.cloud/vss/cosySec?COSY-EU-100-1713kmbZb2UCeOzVsMe6B3gwI8ESWNAkWMXl9aV015toFnqItSvadLsV2vEH%25f2I5mtXirhMve69hjcAoX0jdGUdHYsWgxt7ELWN81LOatelC579CXEUKTHp9zdFBl5YX6beSXXyOtwtBJRrHv87zJGqEeBtvoYHKOLr75%25HIleNdesiEgXfYiNB8uJvlCBXHqktRJT3zpGoJRU69sdGUuhhn0earpdMMddGVSXQevTVEpInyxbIK1YyZouYqFmebdnsXDbIugpW8Mm0nw1LHT2gpNFQzRhN1BDUv9tQFml%25tSRUDrxk0O9DlPo2eQNfxJd7yUtpoag4Z%2508dGwMbkSDgfNTu2MbwABRn75MNjm9p4pHBCrS1tGomcPOF0igrhJ6DepyP3aEly1hJ5GKxZzbaifqobvjGVAXduNPfIj8gnXrAYCHwpUwjsczN1fACWhvBFSzcL3tmDrWhQ50rldh3UiePvrQ5%25VyJtpjikIZa0yxV2YbGeZGI7sufySGY4WnAGs7sMLpjfnwWTQ1CApkLRUFcj17Q9%25DhCemUSkl3cxa%25O2x5hodk67oi3ZS2E4dV51P7KMgIicj4qTwYVhKMXRNsj6nT89BWCttRHSmLc059zOrQh4eSv6PU3LVOtEJ%257LV60Kak4QYEeqG2McYKyXf7TqnqZ8A4REEXbHjM9LV8uzCTSRmHnvcRO9jzpth97Mkv103S4EktFe5KPqo0DjcfQsG",
      "name": "X5 xDrive40i M Sport",
      "price": 10950000,
      "mileage": 18000,
      "color": " Brooklyn Grey",
      "seats": 5,
      "fuel": "Gasoline",
      "gear": "Automatic",
      "description": "A Royal Car"
    },
    {
      "id": "cd85",
      "image": "https://prod.cosy.bmw.cloud/vss/cosySec?COSY-EU-100-1713kmbZb2UCeOzVsMe6B3gwI8ESWNAkWMXl9aV015toFnqItSvadrcV2vEH%25f2I5mtXirhMve69hjcAoX0jdGUdHYsWgxt7ELWN81LOatelC579CXEUKTHp9zdFBl5YX6beSXXyOtwtBJRrHv87zJGqEeBtvoYHKOLr75%25HIleNdesiEgXfYiNB8uJvlCBXHqktRrO0zpGoJRU69sdGUuhhn0earpdu%25gFGVSXQevTVEpInyxbIK1YyZouYqFmebdnsXDbCugpW8Mm0nw1LHT2OpNFQzR7w1BDUv9tQFml%25tSRUDrxk0LwGlPo2eQvnxJd7yUtPoag4Z%257xdGwMbk4ZgfNTu2uMwABRnzJlNjm9pv3oBCrS1tu0mcPOF0nCrhJ6De8PP3aElyJkJ5GKxZa3aifqobwrGVAXduLdfIj8gnafAYCHwpR8jsczN1BYCWhvBFxCcL3tmHBWhQ50rztF3UiePv0P5%25VyJtTPikIZaPV%25V2YbGJZoI7sufabQY4WnAGu%25sMLpjfvwWTQ1CAFrLRUFcjDlQ9%25DhC0TUSkl3cuB%25O2x5hAsk67oi3jO2E4dVG9Z7KMgIW5j4qTwYLicMXRNsQJcT89BWURtRHSmL%25MM9zOrQk5jSv6PU2%25xOtEJ%257kr60KakWQYEeqG2LMYKymPN5cw",
      "name": "X5 xDrive40i xLine",
      "price": 9700000,
      "mileage": 16500,
      "color": "Mineral White Metallic",
      "seats": 6,
      "fuel": "Gasoline",
      "gear": "Automatic",
      "description": "A Royal Car"
    },
    {
      "image": "https://prod.cosy.bmw.cloud/vss/cosySec?COSY-EU-100-1713kmbZb2UCeOzVsMe6B3gwI8ESW2AkSMXl9aV015toFnqItSva0L%25V2vEH%25f2I5mtXirhMve69hjcAoX0jdGUdHYsWgxt7ELWN81LOatelC579CXEUKTHp9zdFBl5YX6beSXXyOtwtBJRrHv87zJGqEeBtvoYHKOLr75%25HIleNdesiEgXfYiNB8uJvlCBXHqktRJijzpGoJRU69sdGUuhhn0earpdutX3GVSXQevTVEpNtyxbIK1MDZouYq7NvbdnsX4E9ugpW8MHDnw1LHT4WpNFQzYoP1BDUvs8ZFml%25tW4uDrxk0L%25tlPo2eQe6xJd7yqBpoag4ZX0JdGwMb8SCgfNTuHOswABRnzEtNjm9pvKBBCrS1tmQmcPOF0VkrhJ6DeBDP3aEly2DJ5GKxOl3aifqo6vBGVAXdEqZfIj8gKUaAYCHwddajsczNgHnCWhvBwzicL3tmNvIhQ50rBex3UiePmyZ5%25VyJrKQikIZaPdxV2YbGdTTI7sufg3RY4WnAwGmsMLpjNVJWTQ1C3frLRUFc5AJQ9%25DhigEUSkl3Vwa%25O2x5Ikqk67oiYUU2E4dVsAP7KMgIWLn4qTwYLspMXRNsQWpT89BWiI3RHSmLV%2539zOrQIi9Sv6PUYV9OtEJ%25skl60KakW2TEeBrw3Cg",
      "name": "X1 sDrive18i M Sport",
      "price": 4950000,
      "mileage": 15000,
      "color": "Storm Bay metallic",
      "seats": 4,
      "fuel": "Gasoline",
      "gear": "Automatic",
      "description": "A Royal Car",
      "id": "5d94"
    },
    {
      "id": "5314",
      "image": "https://prod.cosy.bmw.cloud/vss/cosySec?COSY-EU-100-1713kmbZb2UCeOzVsMe6B3gwI8ESWmfkmMXl9aV015toFnqItS43xMCV2vEH%25f2I5mtXirhMve69hjcAoX0jdGUdHYsWgxt7ELWN81LOatelC579CXEUKTHp9zdFBl5YX6beSXXyOtwtBJRrHv87zJGqEeBtvoYHKOLr75%25HIleNdesiEgXfYiNB8uJvlCBXHqktRQM%25zpGoJRU69sdGUuhhn0earpdMRWBGVSXQevTVEpwkyxbIK2wzZouYq7kIbdnsX42dugpW8Vlmnw1LHIkypNFQzYHl1BDUvs4xFml%25tWkiDrxk0LA1lPo2eQj%25xJd7yUyVoag4ZXmFdGwMb8CBgfNTuHyGwABRnzEvNjm9pvKdBCrS1td8mcPOF0SdrhJ6DeINP3aElyYbJ5GKxZsxaifqobf0GVAXdugCfIj8gnwPAYCHwpDhjsczNXwYCWhvB8zrcL3tmH7BhQ50rBtF3UiePm0Y5%25VyJreWikIZaPbgV2YbGJunI7sufa9XY4WnAGSYsMLpjfz7WTQ1CAygLRUFcjaPQ9%25DhCGYUSkl3P3s%25O2x5IcGk67oiYhA2E4dVs787KMgIWjJ4qTwYLspMXRNsQWpT89BWULMRHSmL%25hN9zOrQIsiSv6PUY2iOtwBdcAo",
      "name": "i7 eDrive50 M Sport",
      "price": 20300000,
      "mileage": 20000,
      "color": "Black Sapphire",
      "seats": 5,
      "fuel": "Electric",
      "gear": "Automatic",
      "description": "A Luxury Car"
    },
    {
      "id": "6358",
      "image": "https://prod.cosy.bmw.cloud/vss/cosySec?COSY-EU-100-1713kmbZb2UCeOzVsMe6B3gwI8ESWNApBMXl9aV015toFnqItS4aoM%25V2vEH%25f2I5mtXirhMve69hjcAoX0jdGUdHYsWgxt7ELWN81LOatelC579CXEUKTHp9zdFBl5YX6beSXXyOtwtBJRrHv87zJGqEeBtvoYHKOLr75%25HIleNdesiEgXfYiNB8uJvlCBXHqktRQD0zpGoJRU69sdGUuhhn0earpdORgAGVSXQevTVEpiayxbIK1B0ZouYq7NvbdnsX4BjugpW8Mkdnw1LHTcwpNFQzRvL1BDUv9TQFml%25tSRFDrxk0LMnlPo2eQk0xJd7yqBpoag4ZXjNdGwMb8eHgfNTuHyGwABRnzENNjm9pvoLBCrS1t9pmcPOF0e%25rhJ6DekOP3aElyxhJ5GKxZnYaifqobpaGVAXdEoifIj8gK0rAYCHwq8ujsczNXk8CWhvBwcscL3tmN61hQ50rBey3UiePm4U5%25VyJrKNikIZaoLKV2YbGdTTI7sufgRBY4WnAw59sMLpjNfrWTQ1C32PLRUFc5APQ9%25DhijaUSkl3VwK%25O2x5INGk67oiY2X2E4dVs%25%257KMgIWjJ4qTwYLQpMXRNsQWgT89BWiI3RHSmLV%2539zdwxjGl",
      "name": "630i M Sport",
      "price": 7350000,
      "mileage": 17000,
      "color": "Carbon Black",
      "seats": 5,
      "fuel": "Gasoline",
      "gear": "Automatic",
      "description": "A Luxury Car"
    }
  ]
}